timestamp,record_id,service,environment,trace_id,transaction_id,db_instance,active_connections,max_connections,cpu_pct,mem_pct,slow_query_count,lock_wait_ms
2026-04-02T07:30:00Z,DBM-0001,core-banking-db,prod,,,cbdb-prod-01,178,500,46.9,61.7,2,30.5
2026-04-02T07:31:00Z,DBM-0002,core-banking-db,prod,,,cbdb-prod-01,183,500,43.3,62.6,4,36.6
2026-04-02T07:32:00Z,DBM-0003,core-banking-db,prod,,,cbdb-prod-01,184,500,44.5,62.7,0,37.4
2026-04-02T07:33:00Z,DBM-0004,core-banking-db,prod,,,cbdb-prod-01,176,500,44.8,63.0,0,32.2
2026-04-02T07:34:00Z,DBM-0005,core-banking-db,prod,,,cbdb-prod-01,177,500,46.5,63.0,1,38.7
2026-04-02T07:35:00Z,DBM-0006,core-banking-db,prod,,,cbdb-prod-01,180,500,46.7,62.2,2,28.2
2026-04-02T07:36:00Z,DBM-0007,core-banking-db,prod,,,cbdb-prod-01,179,500,46.4,60.9,1,36.2
2026-04-02T07:37:00Z,DBM-0008,core-banking-db,prod,,,cbdb-prod-01,176,500,44.2,61.1,2,41.2
2026-04-02T07:38:00Z,DBM-0009,core-banking-db,prod,,,cbdb-prod-01,178,500,46.6,61.6,2,37.2
2026-04-02T07:39:00Z,DBM-0010,core-banking-db,prod,,,cbdb-prod-01,188,500,44.7,61.3,3,39.2
2026-04-02T07:40:00Z,DBM-0011,core-banking-db,prod,,,cbdb-prod-01,173,500,44.8,61.7,1,37.3
2026-04-02T07:41:00Z,DBM-0012,core-banking-db,prod,,,cbdb-prod-01,178,500,43.3,61.5,2,40.8
2026-04-02T07:42:00Z,DBM-0013,core-banking-db,prod,,,cbdb-prod-01,185,500,43.9,61.5,2,36.5
2026-04-02T07:43:00Z,DBM-0014,core-banking-db,prod,,,cbdb-prod-01,173,500,44.7,62.8,3,29.2
2026-04-02T07:44:00Z,DBM-0015,core-banking-db,prod,,,cbdb-prod-01,173,500,43.0,61.1,4,30.0
2026-04-02T07:45:00Z,DBM-0016,core-banking-db,prod,,,cbdb-prod-01,171,500,43.0,61.5,0,41.5
2026-04-02T07:46:00Z,DBM-0017,core-banking-db,prod,,,cbdb-prod-01,183,500,46.5,61.4,4,32.9
2026-04-02T07:47:00Z,DBM-0018,core-banking-db,prod,,,cbdb-prod-01,187,500,46.4,61.6,4,30.7
2026-04-02T07:48:00Z,DBM-0019,core-banking-db,prod,,,cbdb-prod-01,171,500,44.5,61.1,4,28.7
2026-04-02T07:49:00Z,DBM-0020,core-banking-db,prod,,,cbdb-prod-01,177,500,46.1,61.7,2,31.0
2026-04-02T07:50:00Z,DBM-0021,core-banking-db,prod,,,cbdb-prod-01,189,500,43.0,61.7,3,41.5
2026-04-02T07:51:00Z,DBM-0022,core-banking-db,prod,,,cbdb-prod-01,178,500,46.9,62.2,2,33.1
2026-04-02T07:52:00Z,DBM-0023,core-banking-db,prod,,,cbdb-prod-01,189,500,46.6,62.3,3,32.0
2026-04-02T07:53:00Z,DBM-0024,core-banking-db,prod,,,cbdb-prod-01,184,500,43.8,62.1,2,28.4
2026-04-02T07:54:00Z,DBM-0025,core-banking-db,prod,,,cbdb-prod-01,178,500,47.0,60.9,0,29.1
2026-04-02T07:55:00Z,DBM-0026,core-banking-db,prod,,,cbdb-prod-01,179,500,45.5,62.6,0,36.7
2026-04-02T07:56:00Z,DBM-0027,core-banking-db,prod,,,cbdb-prod-01,188,500,45.0,62.0,2,32.6
2026-04-02T07:57:00Z,DBM-0028,core-banking-db,prod,,,cbdb-prod-01,178,500,44.4,62.5,3,40.7
2026-04-02T07:58:00Z,DBM-0029,core-banking-db,prod,,,cbdb-prod-01,178,500,43.8,61.9,4,38.7
2026-04-02T07:59:00Z,DBM-0030,core-banking-db,prod,,,cbdb-prod-01,175,500,45.0,61.6,2,28.2
2026-04-02T08:00:00Z,DBM-0031,core-banking-db,prod,,,cbdb-prod-01,175,500,46.1,60.9,4,31.3
2026-04-02T08:01:00Z,DBM-0032,core-banking-db,prod,,,cbdb-prod-01,182,500,45.9,61.1,0,31.9
2026-04-02T08:02:00Z,DBM-0033,core-banking-db,prod,,,cbdb-prod-01,180,500,45.9,63.0,2,35.5
2026-04-02T08:03:00Z,DBM-0034,core-banking-db,prod,,,cbdb-prod-01,186,500,43.1,61.8,0,39.4
2026-04-02T08:04:00Z,DBM-0035,core-banking-db,prod,,,cbdb-prod-01,173,500,44.7,61.0,2,31.7
2026-04-02T08:05:00Z,DBM-0036,core-banking-db,prod,,,cbdb-prod-01,179,500,46.4,63.0,1,29.1
2026-04-02T08:06:00Z,DBM-0037,core-banking-db,prod,,,cbdb-prod-01,183,500,44.5,63.2,4,31.5
2026-04-02T08:07:00Z,DBM-0038,core-banking-db,prod,,,cbdb-prod-01,179,500,42.8,61.6,4,36.3
2026-04-02T08:08:00Z,DBM-0039,core-banking-db,prod,,,cbdb-prod-01,187,500,43.3,62.0,3,37.1
2026-04-02T08:09:00Z,DBM-0040,core-banking-db,prod,,,cbdb-prod-01,173,500,45.8,60.9,3,38.0
2026-04-02T08:10:00Z,DBM-0041,core-banking-db,prod,,,cbdb-prod-01,176,500,45.7,61.0,1,38.7
2026-04-02T08:11:00Z,DBM-0042,core-banking-db,prod,,,cbdb-prod-01,174,500,42.8,62.8,3,32.5
2026-04-02T08:12:00Z,DBM-0043,core-banking-db,prod,,,cbdb-prod-01,189,500,44.5,61.9,2,31.0
2026-04-02T08:13:00Z,DBM-0044,core-banking-db,prod,,,cbdb-prod-01,184,500,43.6,62.6,2,39.8
2026-04-02T08:14:00Z,DBM-0045,core-banking-db,prod,,,cbdb-prod-01,182,500,46.4,61.7,3,35.1
2026-04-02T08:15:00Z,DBM-0046,core-banking-db,prod,,,cbdb-prod-01,184,500,42.9,60.9,4,33.5
2026-04-02T08:16:00Z,DBM-0047,core-banking-db,prod,,,cbdb-prod-01,182,500,43.7,61.3,2,40.8
2026-04-02T08:17:00Z,DBM-0048,core-banking-db,prod,,,cbdb-prod-01,184,500,45.2,63.0,0,30.7
2026-04-02T08:18:00Z,DBM-0049,core-banking-db,prod,,,cbdb-prod-01,188,500,43.7,60.9,4,37.6
2026-04-02T08:19:00Z,DBM-0050,core-banking-db,prod,,,cbdb-prod-01,179,500,46.8,62.5,4,40.2
2026-04-02T08:20:00Z,DBM-0051,core-banking-db,prod,,,cbdb-prod-01,178,500,45.3,61.0,3,32.6
2026-04-02T08:21:00Z,DBM-0052,core-banking-db,prod,,,cbdb-prod-01,176,500,44.0,62.5,4,28.5
2026-04-02T08:22:00Z,DBM-0053,core-banking-db,prod,,,cbdb-prod-01,184,500,46.0,62.3,1,28.5
2026-04-02T08:23:00Z,DBM-0054,core-banking-db,prod,,,cbdb-prod-01,180,500,45.3,60.9,4,38.9
2026-04-02T08:24:00Z,DBM-0055,core-banking-db,prod,,,cbdb-prod-01,184,500,45.4,61.2,0,30.8
2026-04-02T08:25:00Z,DBM-0056,core-banking-db,prod,,,cbdb-prod-01,184,500,44.3,62.4,2,40.9
2026-04-02T08:26:00Z,DBM-0057,core-banking-db,prod,,,cbdb-prod-01,184,500,47.2,61.5,4,41.5
2026-04-02T08:27:00Z,DBM-0058,core-banking-db,prod,,,cbdb-prod-01,175,500,44.3,62.1,4,29.9
2026-04-02T08:28:00Z,DBM-0059,core-banking-db,prod,,,cbdb-prod-01,177,500,47.0,61.8,0,42.0
2026-04-02T08:29:00Z,DBM-0060,core-banking-db,prod,,,cbdb-prod-01,173,500,42.9,62.0,2,31.3
2026-04-02T08:30:00Z,DBM-0061,core-banking-db,prod,,,cbdb-prod-01,171,500,45.6,62.6,2,36.6
2026-04-02T08:31:00Z,DBM-0062,core-banking-db,prod,,,cbdb-prod-01,172,500,45.6,63.2,0,38.0
2026-04-02T08:32:00Z,DBM-0063,core-banking-db,prod,,,cbdb-prod-01,172,500,43.4,61.7,3,34.2
2026-04-02T08:33:00Z,DBM-0064,core-banking-db,prod,,,cbdb-prod-01,173,500,43.3,62.7,2,30.9
2026-04-02T08:34:00Z,DBM-0065,core-banking-db,prod,,,cbdb-prod-01,186,500,46.3,63.2,2,38.8
2026-04-02T08:35:00Z,DBM-0066,core-banking-db,prod,,,cbdb-prod-01,173,500,42.8,61.5,3,36.3
2026-04-02T08:36:00Z,DBM-0067,core-banking-db,prod,,,cbdb-prod-01,175,500,46.8,61.2,1,31.0
2026-04-02T08:37:00Z,DBM-0068,core-banking-db,prod,,,cbdb-prod-01,185,500,43.4,61.6,1,32.0
2026-04-02T08:38:00Z,DBM-0069,core-banking-db,prod,,,cbdb-prod-01,178,500,43.3,61.1,4,41.1
2026-04-02T08:39:00Z,DBM-0070,core-banking-db,prod,,,cbdb-prod-01,180,500,45.9,60.9,1,34.0
2026-04-02T08:40:00Z,DBM-0071,core-banking-db,prod,,,cbdb-prod-01,186,500,43.8,62.5,1,40.2
2026-04-02T08:41:00Z,DBM-0072,core-banking-db,prod,,,cbdb-prod-01,177,500,43.1,62.2,4,35.4
2026-04-02T08:42:00Z,DBM-0073,core-banking-db,prod,,,cbdb-prod-01,175,500,44.9,60.8,0,30.2
2026-04-02T08:43:00Z,DBM-0074,core-banking-db,prod,,,cbdb-prod-01,176,500,46.1,60.9,1,35.7
2026-04-02T08:44:00Z,DBM-0075,core-banking-db,prod,,,cbdb-prod-01,172,500,43.0,61.8,1,29.3
2026-04-02T08:45:00Z,DBM-0076,core-banking-db,prod,,,cbdb-prod-01,177,500,43.3,62.7,1,39.6
2026-04-02T08:46:00Z,DBM-0077,core-banking-db,prod,,,cbdb-prod-01,176,500,46.5,61.1,3,35.3
2026-04-02T08:47:00Z,DBM-0078,core-banking-db,prod,,,cbdb-prod-01,185,500,47.1,60.9,2,40.9
2026-04-02T08:48:00Z,DBM-0079,core-banking-db,prod,,,cbdb-prod-01,181,500,44.3,62.0,2,31.6
2026-04-02T08:49:00Z,DBM-0080,core-banking-db,prod,,,cbdb-prod-01,189,500,43.9,62.9,4,30.4
2026-04-02T08:50:00Z,DBM-0081,core-banking-db,prod,,,cbdb-prod-01,175,500,44.8,60.8,4,34.1
2026-04-02T08:51:00Z,DBM-0082,core-banking-db,prod,,,cbdb-prod-01,173,500,45.7,61.9,4,34.0
2026-04-02T08:52:00Z,DBM-0083,core-banking-db,prod,,,cbdb-prod-01,186,500,44.3,61.8,2,40.2
2026-04-02T08:53:00Z,DBM-0084,core-banking-db,prod,,,cbdb-prod-01,176,500,45.8,60.9,4,35.8
2026-04-02T08:54:00Z,DBM-0085,core-banking-db,prod,,,cbdb-prod-01,173,500,46.5,61.4,0,29.6
2026-04-02T08:55:00Z,DBM-0086,core-banking-db,prod,,,cbdb-prod-01,184,500,46.3,62.9,2,28.2
2026-04-02T08:56:00Z,DBM-0087,core-banking-db,prod,,,cbdb-prod-01,189,500,47.1,61.6,4,28.4
2026-04-02T08:57:00Z,DBM-0088,core-banking-db,prod,,,cbdb-prod-01,175,500,43.4,61.1,2,28.4
2026-04-02T08:58:00Z,DBM-0089,core-banking-db,prod,,,cbdb-prod-01,186,500,44.1,61.4,1,41.0
2026-04-02T08:59:00Z,DBM-0090,core-banking-db,prod,,,cbdb-prod-01,183,500,44.4,62.9,3,33.3
